Timestamp,Name,Rating,Feedback
01/09/2026 01:45:22,Ankan Dalui,3,takes too long to load on my phone. please optimize.
02/09/2026 01:33:14,Srija Mondal,5,Flawless execution! A portfolio chart over time would make it perfect.
03/09/2026 01:18:50,Ishan Das,4,Great so far. Maybe add biometric login?
03/09/2026 01:52:05,Avishek Mondal,3,needs better sorting options for transaction history.
04/09/2026 01:22:31,Shuvam Dutta,5,Super fast txs. Would be cool to see NFT support in the future.
04/09/2026 01:48:19,Uzzal Sardar,3,sometimes the app crashes when I switch tabs. fix this.
05/09/2026 01:04:44,Tiyasa Mondal,3,kinda confusing for beginners. a tutorial overlay would help.
05/09/2026 01:29:12,Sudipta Mondal,5,best wallet I've used. maybe add staking directly from dashboard?
06/09/2026 01:15:35,Shreya Das,4,Solid app. Just wish the dashboard was more customizable.
06/09/2026 01:57:02,Bristi Sen,3,can u add a way to export tx history as csv? it's annoying manually tracking.
07/09/2026 01:08:21,Debjit Kanjila,3,gas fees estimate is sometimes off compared to the actual charge.
07/09/2026 01:42:55,Jishu Das,4,nice UI but needs more custom token support.
08/09/2026 01:11:13,Saikat Prasad Naru,3,logging in takes too many clicks. streamline it.
08/09/2026 01:39:40,Rishav Biswas,4,good stuff. add support for multiple accounts under one seed phrase?
09/09/2026 01:25:27,Rajdip Ghosh,3,it’s decent but lacks fiat onramp options.
09/09/2026 01:51:18,Shuvam Dutta,4,works perfectly but the font size is a bit too small on mobile.
10/09/2026 01:06:54,Sounak Bhattacharya,3,refresh button doesn't always update the balance immediately.
10/09/2026 01:36:09,Most Soha Sabnam,4,really like the design. please add a price alert feature.
11/09/2026 01:47:33,Sankhadip Maity,4,smooth bridging experience. would love to see L2 support soon.
12/09/2026 01:03:12,ROHAN SHARMA,3,support team took 2 days to reply. needs to be faster.
12/09/2026 01:29:57,Sanchita Sardar,3,needs an address book feature so I dont have to paste every time.
13/09/2026 01:17:41,SHOBHA BHUTRA,4,"overall great, but face ID integration would be sweet."
13/09/2026 01:55:20,Shreya Das,3,app size is getting a bit too big for my older phone.
14/09/2026 01:22:15,Rikita Roy,4,clean interface. waiting for the mobile widget on iOS.
14/09/2026 01:49:03,Tanish Kar,4,good security features. please add hardware wallet support (ledger).
15/09/2026 01:09:47,Mainak Kahali,3,why no Polygon network support yet?
15/09/2026 01:38:22,DEBOSHREYA GANGULY,4,love it. a built-in swap aggregator would make it 5 stars easily.
16/09/2026 01:12:09,ABHISHEK DAS,4,very responsive. just missing p2p trading options.
16/09/2026 01:45:51,Sourav Saha,3,connecting to some dapps via walletconnect is sometimes buggy.
17/09/2026 01:05:36,Puskar Adhikari,3,"needs better translation for local languages, some text is weird."
17/09/2026 01:33:28,ROHAN SHARMA,4,nice work! add a hide zero balances toggle so my list isn't cluttered.
18/09/2026 01:18:14,Ananya Banerjee,4,pretty intuitive. would be nice to group assets by network visually.
18/09/2026 01:52:01,Soumya Chatterjee,5,Absolutely brilliant app. A PnL tracking feature would be the cherry on top.
19/09/2026 01:10:44,Rahul Mukherjee,3,"gas fee customization is a bit hidden, make it more prominent."
19/09/2026 01:41:25,Sneha Roy,4,easy to use. add ENS resolution please!
20/09/2026 01:04:12,Arindam Ghosh,5,Highly secure and fast. Just maybe add a light theme for daytime use.
20/09/2026 01:30:58,Puja Sarkar,3,"transaction history doesn't show the exact time, only the date."
21/09/2026 01:16:33,Abhishek Nandi,4,"great wallet, but I want to track my staking rewards natively."
21/09/2026 01:56:47,Riya Sen,3,"it's okay, but feels a bit bloated with the new update."
22/09/2026 01:08:15,Kaushik Basu,5,10/10 experience. A native cross-chain bridge would make it literally perfect.
22/09/2026 01:44:02,Priyanka Das,4,stable and fast. missing fingerprint authentication on android though.
23/09/2026 01:21:29,Amitava Paul,3,"token icons take too long to load sometimes, looks glitchy."
23/09/2026 01:49:55,Srijit Majumder,5,"Amazing app. No complaints, but auto-approve for certain trusted dapps would be cool."
24/09/2026 01:14:10,Moumita Saha,4,reliable app. wish there was a way to easily revoke permissions in-app.
24/09/2026 01:37:34,Bipasha Guha,3,"I don't like the new layout, give us an option to revert to classic view."
25/09/2026 01:06:48,Kazi Rahman,5,flawless execution. adding a built-in web3 browser would be epic.
25/09/2026 01:35:12,Sumit Pal,4,good so far. needs a one-tap option to speed up pending transactions.
26/09/2026 01:19:59,Nandini Bose,3,"scanning QR codes is a hit or miss, camera doesn't focus right away."
26/09/2026 01:54:21,Tathagata Sen,5,Awesome. A multi-sig feature integration would be great for teams.
27/09/2026 01:12:33,Pallavi Dey,4,"really good, but custom RPCs are a bit hard to set up for beginners."
27/09/2026 01:46:15,Ritwik Haldar,3,I keep getting disconnected from WalletConnect randomly.
28/09/2026 01:02:44,Subhamita Kar,4,nice aesthetic. please add a portfolio distribution pie chart!
28/09/2026 01:28:10,Deep Narayan,5,Superb! Way better than competitors. Native fiat withdrawals when?
29/09/2026 01:15:22,Anita Chakraborty,3,"network switching is not very intuitive, takes too much scrolling."
